{
  "HbA1c_level": 0.3827538274906172,
  "blood_glucose_level": 0.2896581795669366,
  "age": 0.16552596330029457,
  "bmi": 0.09035456477301951,
  "hypertension": 0.029710689420923718,
  "smoking_history": 0.023088600985995522,
  "heart_disease": 0.014098871203360517,
  "gender": 0.004809303258852234
}