{
  "accuracy": 0.933,
  "precision": 0.5694444444444444,
  "recall": 0.8682352941176471,
  "f1_score": 0.6877912395153775,
  "roc_auc": 0.9767060109289618,
  "best_params": {
    "n_estimators": 200,
    "min_samples_split": 2,
    "min_samples_leaf": 4,
    "max_features": "sqrt",
    "max_depth": 15
  },
  "n_train": 80000,
  "n_test": 20000
}